Date,Product Name,ASIN,Amazon URL,Cost Price,Sell Price,Net Profit,ROI,Total Fees,Estimated SPM,Sales Rank,FBA Sellers,Supplier URL,Checkout Cost,Recommended Checkout Quantity,Promo Codes,IP Alert,Autoship,PR Assistant,Notes
2024-11-21,"FUJIFILM Mini Instant Camera Film: 60 Shoots Total, Value Pack, (10 Sheets x 6) - Capture Memories Anytime, Anywhere - Includes Puflax UFO Sticker",B0CNKTXGZV,https://www.amazon.com/dp/B0CNKTXGZV,$37.99,$84.99,$29.64,78.02%,$17.36,> 500,6807,1,https://www.target.com/p/fujifilm-instax-mini-instant-film-value-pack-60ct/-/A-52205707?ref=tgt_adv_xsf&AFID=google&CPNG=Electronics&adgroup=56-10&gQT=2,$379.90,10,,No,No,Lorelie,https://prnt.sc/d9sE6jCBT_7j
2024-11-21,Avon Solutions Nurtura Replenishing Cream Lot of 4,B00HS5MAYY,https://www.amazon.com/dp/B00HS5MAYY,$25.57,$52.49,$13.97,54.63%,$12.95,> 100,"34,709",2,https://www.avon.com/product/nurtura-replenishing-cream-31556?rep=nholguin,$127.85,5,Code: WPTV20,No,No,Sir Kim,https://snipboard.io/nwad3X.jpg
2024-11-21,"Klymit Drift Camping Pillow, Shredded Memory Foam Travel Pillow with Reversible Cover for Outdoor Use, Orange, Large",B081ZZZYYM,https://www.amazon.com/dp/B081ZZZYYM,$22.99,$54.99,$13.47,58.59%,$18.53,> 162,"52,469",2,https://www.campmor.com/products/drift%E2%84%A2-camp-pillows-by-klymit?variant=44634315161761,$229.90,10,,No,No,Sir Kim,https://snipboard.io/NjA7KC.jpg
2024-11-21,"MRS. MEYER'S CLEAN DAY Liquid Hand Soap Mum, 12.5 Fl Oz. (Pack of 3)",B0BWSJK9DC,https://www.amazon.com/dp/B0BWSJK9DC,$11.47,$28.99,$5.30,46.21%,$12.22,> 50,"115,712",0,https://www.mrsmeyers.com/product/hand-care/hand-soap/liquid-hand-soap-mum/?gad_source=1&gclid=Cj0KCQiA0fu5BhDQARIsAMXUBOLxvMPCoKN6DVE2aRAvqpsTLb8r0xoGnU8b-6Ukeq4qPcFTCIyqWDMaArdeEALw_wcB,$114.70,10,Code: FRESH10,No,No,Sir Kim,https://snipboard.io/H6Fxo0.jpg
2024-11-21,"Zest Aqua Bar Soap 4 Ounce, 8 Bar Pack (Pack of 2) 16 Bars Total",B011SBNYCU,https://www.amazon.com/dp/B011SBNYCU,$7.90,$20.78,$3.62,45.82%,$9.26,> 600,"21,155",6,https://www.walgreens.com/store/c/zest-bar-soap-aqua/ID=prod6113961-product?ext=gooFY23_GOO_RET_RETAILDEMANDGEN_Performance%2BMax%2B-%2BBeauty_REV_SRC_PMAX_PMAX_NA_PMAX_ENG__pla_online&gclsrc=aw.ds&gclsrc=aw.ds&gad_source=1&gclid=CjwKCAiArva5BhBiEiwA-oTnXQZUiSWpCYSoOkpEf6EMR8XTzBIWTWfyorcyAFHnTMreNF65uWfMpRoCzHAQAvD_BwE,$47.39,12,SAVE20,No,No,Dixie,https://snipboard.io/L1VvE4.jpg
2024-11-21,Feeling Fresh Roll OnDeodorant,B00AW7FDV2,https://www.amazon.com/dp/B00AW7FDV2,$6.92,$27.99,$8.41,121.53%,$12.66,> 300,"72,663",0,https://www.perfumepur.com/products/avon-feelin-fresh-by-avon-for-women?variant=44519740768500&country=US&currency=USD&utm_medium=product_sync&utm_source=google&utm_content=sag_organic&utm_campaign=sag_organic&gad_source=1&gclid=CjwKCAiArva5BhBiEiwA-oTnXW5Dyp_dgHmpLR5zF3Oamwk0eY4_Uze67OocCWAx1bPTUNCxkNIV7RoCRqsQAvD_BwE,$173.00,25,,No,No,Sir Kim,https://snipboard.io/fXbOLF.jpg
2024-11-21,"MILK Makeup KUSH Volumizing Mascara - Vegan, Clean, Cruelty-free - Fuller, Healthier Lashes - 0.34 Fl Oz",B07CHXMZN9,https://www.amazon.com/dp/B07CHXMZN9,$15.00,$38.99,$14.19,94.60%,$9.80,> 100,52969,9,https://www.sephora.com/product/kush-mascara-P429903?skuId=2827616,$150.00,10,,No,No,Sir Kim,https://snipboard.io/JwqxPH.jpg
2024-11-21,Stanley Classic Legendary Food Jar 0.4L with Spork - Keeps Cold or Hot For 7 Hours - BPA-Free Stainless Steel Soup Flask - Leakproof - Dishwasher Safe - Hammertone Green,B08BCS1R66,https://www.amazon.com/dp/B08BCS1R66,$28.00,$58.00,$16.23,57.96%,$13.77,> 127,"201,931",5,https://www.llbean.com/llb/shop/3901?itemId=512771&attrValue_0=Hammertone%20Green&sku=1000067498&pla1=0&qs=3151648&gad_source=1&gclid=Cj0KCQiA0fu5BhDQARIsAMXUBOKUAzElf-uqJMdkhuOpJ3cKcLemmYsd9P2WuIQz19zJ2VOjvUGVTlMaAuaUEALw_wcB&gclsrc=aw.ds&SN=PDPImageGallery_04&SS=A&SN2=sosb_test_04&SS2=B&SN3=MobilePLA_03&SS3=B&noaa_region=ohiovalley&originalProduct=124981,$280.00,10,,No,No,Sir Kim,https://snipboard.io/bfqx2w.jpg
2024-11-21,"CHI for Dogs Shed Control Shampoo for Dogs, 16 Ounces | Best Anti-Shed Dog Shampoo | Sulfate and Paraben Free, pH Balanced for Dogs, Made in USA",B079KTRBDT,https://www.amazon.com/dp/B079KTRBDT,$12.98,$28.20,$5.35,41.22%,$9.87,> 100,"17,199",8,https://www.chewy.com/chi-oatmeal-dog-shampoo/dp/186521,$155.76,12,"Buy 3, get 4th free- mix & match / Code: OLIVER10",No,No,Sir Kim,https://snipboard.io/T0kXxH.jpg
2024-11-21,"MRS. MEYER'S CLEAN DAY Liquid Dish Soap 3 Pack Variety, Acorn Spice, Apple Cider, Fall Leaves, 16 OZ Each, 1 CT",B0DCL89KHY,https://www.amazon.com/dp/B0DCL89KHY,$11.47,$30.98,$6.19,53.97%,$13.32,> 100,"105,775",2,"https://www.mrsmeyers.com/product/liquid-dish-soap-apple-cider/
https://www.mrsmeyers.com/product/dish/dish-soap/liquid-dish-soap-acorn-spice/
https://www.mrsmeyers.com/product/dish/dish-soap/liquid-dish-soap-fall-leaves/",$114.70,10,Code: FRESH10,No,No,Sir Kim,https://snipboard.io/FZDg4x.jpg
2024-11-22,"ACTIVATEDYOU Morning Complete Daily Wellness Greens Superfood Drink Mix for Gut Health w/Prebiotics, Probiotics, Antioxidants, Green Superfoods, 10 Billion CFUs, 30 Servings (Apple Cinnamon)",B09JW2BYH4,https://www.amazon.com/dp/B09JW2BYH4,$31.99,$56.85,$11.69,36.54%,$13.17,> 6000,"3,390",8,https://activatedyou.com/o/morning-complete-megasale/?srsltid=AfmBOopCVGUxo-Z9DIzo7fMxBk1BN09Gfny1qbtAb3HuuqeK3bqq5aqA,$191.94,6,"Code: MEGASALE, ACY10",No,No,Lorelie,https://prnt.sc/vM6nkX0KKK4D
2024-11-22,"Zum Patchouli, 32 FZ",B078JZ9VNY,https://www.amazon.com/dp/B078JZ9VNY,$10.80,$27.99,$5.61,51.94%,$11.58,> 300,36341,1,https://www.indigowild.com/products/zum-clean-laundry-soap-32-oz?variant=42466281718010,$108.00,10,Code: WHIFFBLISS,No,No,Sir Kim,https://snipboard.io/BsAtXE.jpg
2024-11-22,rom&nd HAN ALL FIX MASCARA L01 Long Black,B08X46T8CX,https://www.amazon.com/dp/B08X46T8CX,$7.80,$22.00,$7.64,97.95%,$6.56,> 200,"56,605",2,https://www.stylevana.com/en_US/romand-han-all-fix-mascara-7g.html?utm_source=google&utm_medium=cpc&sonid=76463&gad_source=1&gclid=CjwKCAiA9IC6BhA3EiwAsbltOAqqRI-kiktjbNT_z3hpxdJvydiilEpnkvKFoAGct1SLI0mBD_VtnhoCjXEQAvD_BwE,$78.00,10,Code: INF10SCHIKITAS,No,No,Sir Kim,https://snipboard.io/eEXlgP.jpg
2024-11-22,"DR. BRONNER'S, CASTILE LIQ SP,OG3,ALMOND 8 Fl Oz EA 1",B0083LRC1I,https://www.amazon.com/dp/B0083LRC1I,$6.20,$16.89,$3.55,57.26%,$7.14,> 100,53157,2,https://www.drbronner.com/products/almond-pure-castile-liquid-soap?variant=36027940208804,$123.93,20,SMLTLM5W,No,No,Dixie,https://snipboard.io/OHjmM9.jpg
2024-11-22,"SHIMANO Xt Rt-Mt800 Centerlock Disc Rotor Silver, 140Mm",B07VDW3KXW,https://www.amazon.com/dp/B07VDW3KXW,$24.59,$45.01,$9.39,38.19%,$11.03,> 131,28401,6,https://www.merlincycles.com/en-us/shimano-xt-mt800-ice-tec-centrelock-rotor-180696.html,$245.90,10,,No,No,Sir Kim,https://snipboard.io/c2keHa.jpg
2024-11-22,"Dashing Diva Gloss Nail Strips - Fallen Leaves | UV Free, Chip Resistant, Long Lasting Gel Nail Stickers | Contains 32 Nail Wraps, 1 Prep Pad, 1 Nail File",B0C6488RWG,https://www.amazon.com/dp/B0C6488RWG,$5.60,$20.67,$8.71,155.54%,$6.36,> 50,"138,841",1,https://dashingdiva.com/products/fallen-leaves-1?variant=43018168139913,$56.00,10,Code: BFCM30,No,No,Sir Kim,https://snipboard.io/sZgkVb.jpg
2024-11-25,SodaStream Fountain Style - Caffeine Free Diet Cola,B01LOSI60M,https://www.amazon.com/dp/B01LOSI60M,$3.60,$21.10,$8.72,242.22%,$8.78,> 100,"55,609",2,https://sodastream.com/products/diet-caffeine-free-cola?gad_source=1&gclid=Cj0KCQiAuou6BhDhARIsAIfgrn7XItgMm2-dKzMEs2-pyEPkcuoK_oCeys1vj3mFDmleeE16CpHrk5QaAmUpEALw_wcB,$72.00,20,Code: HOLIDAY40,No,No,Sir Kim,https://snipboard.io/NGXaq2.jpg
2024-11-25,Native Shampoo & Conditioner Limited Edition Scents (Sugar Cookie),B0DK13MGC9,https://www.amazon.com/dp/B0DK13MGC9,$14.00,$37.25,$12.52,89.43%,$10.73,> 200,42805,2,https://www.nativecos.com/products/shampoo-strengthening-sugar-cookie?/?utm_source=google&utm_medium=cpc&gad_source=1&gclid=Cj0KCQiAuou6BhDhARIsAIfgrn4oTBuJ5Lri_I_Xswi2kpIR9oEmA6HSHYaEylRYED-dVS4PUUyQ-08aAvTmEALw_wcB https://www.nativecos.com/products/strengthening-conditioner-sugar-cookie?/?utm_source=google&utm_medium=cpc&gad_source=1&gclid=Cj0KCQiAuou6BhDhARIsAIfgrn6qI2UOuT6GyA1w1WdsfHt1Ch52xtQzVHx3X7aMJMd7DsxHQqUv458aAgmTEALw_wcB,$140.00,20,onsale,No,No,Dixie,https://snipboard.io/InPqmu.jpg
2024-11-25,Pyrex Easy Grab 9-1/2-Inch Pie Plate Home improvement / accessories,B00DRAPFY6,https://www.amazon.com/dp/B00DRAPFY6,$4.80,$19.99,$4.82,100.42%,$10.37,> 200,"61,397",4,https://corelle.com/products/pyrex-easy-grab-9-5-glass-pie-plate,$144.00,30,40% SITEWIDE,No,No,Dixie,https://snipboard.io/vGteCW.jpg
2024-11-25,Earth Friendly - ECOS Hypoallergenic Hand Soap Refill Orange Blossom - 32 oz.,B01N6VEFRW,https://www.amazon.com/dp/B01N6VEFRW,$4.43,$17.51,$3.33,75.17%,$9.75,> 100,80559,3,https://www.vitacost.com/ecos-hand-soap-refill-orange-blossom,$53.16,12,"Code: SELECTVEGAN15, GOLDENBEAR",No,No,Sir Kim,https://snipboard.io/NPiDov.jpg
2024-11-25,"Native Body Wash - Cherry & Vanilla Macaron - Liquid Soap | Clean, Naturally Sourced Ingredients - Pack Of 01-18 Fl Oz - 532 ML",B0CMW4R18D,https://www.amazon.com/dp/B0CMW4R18D,$7.00,$23.00,$6.45,92.14%,$9.55,> 50,130432,1,https://www.nativecos.com/products/body-wash-cherry-vanilla-macaron?utm_medium=cpc&utm_source=google_shopping&utm_campaign=bodywash&/?utm_source=google&utm_medium=cpc&gad_source=1&gclid=CjwKCAiA9IC6BhA3EiwAsbltOBJSTzoLXg9qM0lJEzDuaYPtHNn-wDlx0YNR8vkDywmD8VvLtel64RoCJroQAvD_BwE,$140.00,20,Onsale,No,No,Dixie,https://snipboard.io/rmVPT4.jpg
2024-11-26,"Harry's Men's Deodorant - Odor Control Deodorant - Aluminum-Free - Variety Pack - Stone, Shiso, Redwood, 2.5 Ounce (Pack of 3)",B092N1D95M,https://www.amazon.com/dp/B092N1D95M,$13.20,$28.79,$5.66,42.88%,$9.93,> 200,"33,975",3,https://www.harrys.com/en/us/products/deodorant,$79.20,18,SMSAVE20,No,No,Dixie,3 sticks $5.50/ea
2024-11-26,The Grinch: Christmas Adventures - Nintendo Switch,B0C9NX5P1R,https://www.amazon.com/dp/B0C9NX5P1R,$21.76,$45.00,$11.41,52.44%,$11.83,> 100,3733,6,https://www.target.com/p/the-grinch-christmas-adventures-nintendo-switch/-/A-92606421?ref=tgt_adv_xsp&AFID=google&fndsrc=tgtao&DFA=71700000012807836&CPNG=PLA_Video%2BGames%2BShopping_Local%7CVideo%2BGames_Ecomm_Hardlines&adgroup=SC_Video%2BGames&LID=700000001170770pgs&LNM=PRODUCT_GROUP&network=g&device=c&location=1022260&targetid=aud-451285846473%3Apla-332925650619&ds_rl=1246978&ds_rl=1248099&gad_source=1&gclid=Cj0KCQiAgJa6BhCOARIsAMiL7V8tH5E6WA_73IcHDYK2u-sFpO2nLbwiG-vD1nOuHjbOufcev3ReKgMaAiu_EALw_wcB&gclsrc=aw.ds,$65.28,3,,No,No,Sir Kim,https://snipboard.io/Q7zjlq.jpg
2024-11-26,Yankee Candle Set of 2 Kitchen Spice Fragranced Wax Melts,B09R8YZX39,https://www.amazon.com/dp/B09R8YZX39,$5.50,$18.25,$5.45,99.09%,$7.30,> 100,322959,5,https://www.yankeecandle.com/yankee-candle/home-fragrance/home-fragrance-styles/wax-melts-warmers/wax-melts/kitchen-spice/ORCL_1601971.html,$55.00,10,Code: ABP1-C6TNB55PW4,No,No,Sir Kim,https://snipboard.io/EdNL6o.jpg
2024-11-26,"Disney Store Inside Out 2 Deluxe Figure Set, H4 x 11.5 cm",B0D45R751N,https://www.amazon.com/dp/B0D45R751N,$18.99,$54.22,$18.65,98.21%,$16.58,> 200,34382,0,https://www.disneystore.com/inside-out-2-deluxe-figure-play-set-417137973358.html,$189.90,10,Code: MICKEY,No,No,Sir Kim,https://snipboard.io/84IDAc.jpg
2024-11-26,"Not Your Mother's Way to Grow Shampoo and Conditioner (2-Pack) - 8 fl oz - Ideal for All Hair Types - Helps Cleanse, Moisturize, and Hydrate Dry Hair and Damaged Hair",B07KGTDQMY,https://www.amazon.com/dp/B07KGTDQMY,$11.85,$25.50,$4.19,35.36%,$9.46,> 300,41531,0,"https://www.ulta.com/p/way-grow-long-strong-conditioner-pimprod2023241?sku=2576471&cmpid=PS_Non!google!Product_Listing_Ads&utm_source=google&utm_medium=paidsearch&cagpspn=pla&CATCI=&CAAGID=&CAWELAID=330000200002729392&gad_source=1&gclid=Cj0KCQiAuou6BhDhARIsAIfgrn4scv4eKqEqtCBcGAPEB6XL7vJ0pf4v_DzQT1F8BW49On8dST35eSoaAruzEALw_wcB
https://www.ulta.com/p/way-grow-long-strong-shampoo-pimprod2023240?sku=2576475&cmpid=PS_Non!google!Product_Listing_Ads&utm_source=google&utm_medium=paidsearch&cagpspn=pla&CATCI=&CAAGID=&CAWELAID=330000200002729393&gad_source=1&gclid=Cj0KCQiAuou6BhDhARIsAIfgrn46XUNuNmNTtVylx1S7e6aUBfUUeYM6Gw1KI8TszrY1jbi84mfEES8aApISEALw_wcB",$118.50,10,on-sale,No,No,Sir Kim,https://snipboard.io/XyoBjQ.jpg
2024-11-27,EA SPORTS UFC 5 - PlayStation 5,B0CGY4Q44H,https://www.amazon.com/dp/B0CGY4Q44H,$24.99,$50.19,$12.46,49.86%,$12.74,> 100,"5,205",5,https://www.target.com/p/ea-sports-ufc-5---playstation-5--no-aasa/-/A-89885732,$249.90,10,,No,No,Sir Kim,https://snipboard.io/pdmCu3.jpg
2024-11-27,"KSECRET SEOUL 1988 Serum : Retinal Liposome 2% + Black Ginseng, 30ml/1.01fl.oz | 58% Black Ginseng Extract | Retinal serum, Bakuchiol, VitaminC&3Peptides for Wrinkle Care | Korean Skincare | seoul1988",B0CP3C7TTJ,https://www.amazon.com/dp/B0CP3C7TTJ,$9.02,$21.98,$5.69,63.08%,$6.82,> 2000,6184,4,https://www.yesstyle.com/en/ksecret-seoul-1988-serum-retinal-liposome-2-black-ginseng-30ml/info.html/pid.1126934079,$180.40,20,MILSBF18,No,No,Dixie,Price updated
2024-11-27,FACE REALITY SKINCARE Clearderma Moisturizer,B0BXT8X3ZN,https://www.amazon.com/dp/B0BXT8X3ZN,$29.00,$49.99,$9.53,32.86%,$11.46,> 300,94380,2,https://facerealityskincare.com/products/clearderma-moisturizer?srsltid=AfmBOooihnRmOESQQNXQALZQFx8WuK34lRpASx6VeufIf8oTtgS5MOzd,$290.00,10,Code: FRSHIP,No,No,Sir Kim,https://snipboard.io/RuFd68.jpg
2024-11-27,"SodaStream Diet Fountain Sparkling Drink Mix Variety Pack, 440ml, (Pack of 4)",B01GQJI9BU,https://www.amazon.com/dp/B01GQJI9BU,$14.40,$36.09,$7.02,48.75%,$14.67,> 200,47248,5,"https://sodastream.com/products/diet-orange?variant=12321103609898
https://sodastream.com/products/dr-pete?variant=12321108131882
https://sodastream.com/products/diet-cola?variant=12321083195434
https://sodastream.com/products/root-beer?variant=12321171406890",$144.00,10,Code: HOLIDAY40,No,No,Sir Kim,https://snipboard.io/Wdy9lx.jpg
2024-11-27,Kylie Jenner Cosmetics Lip Kit -(Bare) Liquid Lipstick And Lip Liner Matte,B07V5G5HJZ,https://www.amazon.com/dp/B07V5G5HJZ,$17.85,$41.80,$13.38,74.96%,$10.57,> 50,182347,2,https://kyliecosmetics.com/products/matte-lip-kit?variant=43927622123762,$178.50,10,KYLIE15,No,No,Dixie,https://snipboard.io/taZPog.jpg
2024-11-27,SIMPLY NOURISH Soft Chews (1) Real Bacon & Cheese Recipe Sticks 1-6 OZ (170g) Bag,B0846VSFXB,https://www.amazon.com/dp/B0846VSFXB,$4.49,$14.99,$3.98,88.64%,$6.52,> 100,32620,4,https://www.petsmart.com/dog/treats/soft-and-chewy-treats/wiggles-and-wags-bacon-and-cheese-meaty-sticks-dog-treats-6-oz-5349460.html?gclsrc=aw.ds&gad_source=1&gclid=Cj0KCQiAo5u6BhDJARIsAAVoDWsWklNeZoTRuKS3CLWhp80ykho_r-V06xmRPiZbT0emoeKlah19Lc4aApLJEALw_wcB https://snipboard.io/KYTMR9.jpg,$134.56,30,EARLYBF,No,No,Dixie,New look
2024-11-28,"Harry's Sculpting Gel, Sets Firm Structure, Firm Hold, 6.7 Oz",B07V6N54JP,https://www.amazon.com/dp/B07V6N54JP,$7.19,$18.98,$4.63,64.39%,$7.16,> 300,"74,798",2,https://www.walgreens.com/store/c/harry's-hair-sculpting-gel/ID=300409442-product,$86.28,12,Code: BFCM20,No,No,Sir Kim,https://snipboard.io/n5e1Zf.jpg
2024-11-28,"New Era Red Bull Racing F1 9Forty 2023 Sergio Perez Team Hat, Navy",B0BT8N1Q5Z,https://www.amazon.com/dp/B0BT8N1Q5Z,$22.60,$49.99,$12.80,56.64%,$14.59,> 100,32670,4,https://www.fuelforfans.com/global/en/red-bull-racing-2023-sergio-perez-9forty-driver-cap/701226149001000.html?gad_source=1&gclid=Cj0KCQiAo5u6BhDJARIsAAVoDWsFg6TisAwUY0ATssharoHi4zZ2ZL3O9mYif9SzKyVSXLdRwDJiPKUaAsiPEALw_wcB&gclsrc=aw.ds,$226.00,10,,No,No,Sir Kim,https://snipboard.io/9psHZU.jpg
2024-11-28,Ultimate Blurring Setting Powder standard size ultra pink XMAS 2023,B0CL131VK1,https://www.amazon.com/dp/B0CL131VK1,$25.50,$44.98,$8.19,32.12%,$11.29,> 200,45052,3,https://www.onesizebeauty.com/products/setting-powder?variant=43222925803719,$229.50,9,Onsale,No,No,Dixie,https://snipboard.io/Hu6AXJ.jpg
2024-11-28,"SIMPLY NOURISH Dogs Soft Chews Bone-Shaped Peanut Butter Recipe 1-6oz Bag (Peanut Butter), 6 ounces",B09SKZ7G6V,https://www.amazon.com/dp/B09SKZ7G6V,$4.49,$14.99,$3.70,82.41%,$6.80,> 100,32115,3,https://www.petsmart.com/dog/treats/soft-and-chewy-treats/wiggles-and-wags-peanut-butter-chewy-bones-dog-treats-6-oz-5349455.html?gclsrc=aw.ds&gad_source=1&gclid=Cj0KCQiAo5u6BhDJARIsAAVoDWslN5gEZqnFuICPNQyKOwYgd05aimTTrtBHKwxoIbXxgHohewJiRO0aAvwQEALw_wcB https://snipboard.io/gTaQ5V.jpg,$89.84,20,EARLYBF,No,No,Dixie,https://snipboard.io/rFVtef.jpg
2024-11-28,"Crocs Jibbitz 5-Pack Disney Shoe Charms | Jibbitz for Crocs, Mickey Friends, Small",B09M44RGQ8,https://www.amazon.com/dp/B09M44RGQ8,$6.40,$17.99,$5.62,87.81%,$5.97,> 431,57042,7,https://www.crocs.com/p/disney-mickey-and-friends-5-pack/10010001.html?adid=PerformanceMax_Google_us_Jibbitz_x_x_x&ef_id=Cj0KCQiAo5u6BhDJARIsAAVoDWuIfX0Fv1mwujbuhSbkcxNC4UPnP170lWPrAVsHV-V464fgAczwRj8aAvQwEALw_wcB:G:s&s_kwcid=AL!4035!3!!!!x!!&gad_source=1&gclid=Cj0KCQiAo5u6BhDJARIsAAVoDWuIfX0Fv1mwujbuhSbkcxNC4UPnP170lWPrAVsHV-V464fgAczwRj8aAvQwEALw_wcB,$64.00,10,Code: PERKSPOT20,No,No,Sir Kim,https://snipboard.io/bn2WEu.jpg
2024-11-29,"Nature's Bounty Hair, Skin & Nails with Biotin and Collagen, Supports Hair Skin and Nail Health, 2500 mcg, Citrus Flavored Gummies, 140 Ct",B07D84H1HY,https://www.amazon.com/dp/B07D84H1HY,$6.58,$20.35,$5.07,77.05%,$8.70,> 200,"2,454",4,https://www.iherb.com/pr/nature-s-bounty-optimal-solutions-hair-skin-nails-gummies-collagen-biotin-tropical-citrus-80-gummies/81610?gad_source=1&gclid=CjwKCAiA6aW6BhBqEiwA6KzDc9hHTp5Z8g-E76Fubp-JNayrl52bu004zAwqV7250VFN74D5mHLc6RoCwEUQAvD_BwE,$65.77,10,BFCM24,No,No,Dixie,https://snipboard.io/3pVBXh.jpg
2024-11-29,Standard Process Pituitrophin PMG Tablet 90 T,B0055LJ7KS,https://www.amazon.com/dp/B0055LJ7KS,$39.60,$78.00,$22.74,57.42%,$15.66,> 200,105491,0,https://wholistichealthrestoration.com/products/standardprocess-pituitrophin-pmg-6850?variant=40956925182113&currency=USD&utm_medium=product_sync&utm_source=google&utm_content=sag_organic&utm_campaign=sag_organic&gad_source=1&gclid=CjwKCAiAhJWsBhAaEiwAmrNyqw_dl_eF9n28VNxV-X1iHSuaWokxoXP7v-2wDlWqQIjJ5NYKTnA2SxoC6IgQAvD_BwE,$198.00,5,,No,No,Dixie,https://snipboard.io/mC0UaY.jpg
2024-11-29,Electronic Sport Fishing Game,B0725C4YH5,https://www.amazon.com/dp/B0725C4YH5,$15.99,$38.95,$12.06,75.42%,$10.90,> 100,56088,6,https://www.scheels.com/p/88556109525/?irclickid=WIK2h62-%3AxyPWiHUnm122XLeUkCQ6zUbXz8L1U0&irgwc=1&utm_campaign=13422&utm_medium=affiliate&utm_source=Ebates+Performance+Marketing%2C+Inc.+dba+Rakuten+Rewards,$159.90,10,,No,No,Sir Kim,https://snipboard.io/uS8vXF.jpg
2024-11-29,Drenatrophin PMG 90 tabs,B000VYXCAU,https://www.amazon.com/dp/B000VYXCAU,$22.44,$43.00,$9.87,43.98%,$10.69,> 100,110194,2,https://blueskyvitamin.com/products/standardprocess-drenatrophin-pmg-3725?srsltid=AfmBOopZYVcmrgv05vPnyL8xkjdF498pq6-upGxr6JUmBx9Kqde880qh,$112.20,5,HEALTH15,No,No,Dixie,https://snipboard.io/VouI4P.jpg
2024-11-29,"Spring Valley Vitamin C 1000mg with Rose HIPS Tablets Dietary Supplement, 500 Count, Antioxidant Protection* (Pack of 1)",B0C8QRB68V,https://www.amazon.com/dp/B0C8QRB68V,$12.47,$28.49,$5.41,43.38%,$10.61,> 50,112979,1,https://www.walmart.com/ip/Spring-Valley-Vitamin-C-with-Rose-Hips-Tablets-Dietary-Supplement-Value-Size-1-000-mg-500-Count/558128350?wmlspartner=wlpa&selectedSellerId=0&wl13=2598&gclsrc=aw.ds&adid=22222222277558128350_161193766053_21214199653&wl0=&wl1=g&wl2=c&wl3=697173827980&wl4=pla-2348450966064&wl5=9032525&wl6=&wl7=&wl8=&wl9=pla&wl10=8175035&wl11=local&wl12=558128350&veh=sem_LIA&gad_source=1&gclid=CjwKCAiAxqC6BhBcEiwAlXp4563Nk1P6ulRErLNks2q97XgOpXApHpR_HjW-0mqkpYP8AKnLHBqD7RoCH6UQAvD_BwE,$124.70,10,,No,No,Dixie,https://snipboard.io/omSrWe.jpg
2024-12-02,Sconza Lemoncello Lemon Cream & White Chocolate Almonds | Inspired by Italy's Lemon Groves | Made in the USA | Pack of 1 (24 Ounce),B07P9SDG7L,https://www.amazon.com/dp/B07P9SDG7L,$11.99,$29.99,$7.20,60.05%,$10.80,> 300,"25,158",4,https://sconza.com/products/lemoncello-almonds-club-bag?variant=45891450765618,$119.90,10,,No,No,Sir Kim,https://snipboard.io/MhXNLr.jpg
2024-12-02,"Dermatrophin PMG, 90 Tablets",B00JO47PAQ,https://www.amazon.com/dp/B00JO47PAQ,$22.44,$45.00,$11.85,52.81%,$10.71,> 100,138132,1,https://blueskyvitamin.com/products/standardprocess-dermatrophin-pmg-3475?variant=48615274250424&country=US&currency=USD&utm_medium=product_sync&utm_source=google&utm_content=sag_organic&utm_campaign=sag_organic&cmp_id=21940195092&adg_id=&kwd=&device=c&gad_source=1&gclid=Cj0KCQiAr7C6BhDRARIsAOUKifhOMF9XVSRwhoXNGdChMAxUAd3YOds3uaaeAAYg7nQqmutcJjAbGIIaAk3DEALw_wcB,$112.20,5,HEALTH15,No,No,Dixie,https://snipboard.io/2GQ94E.jpg
2024-12-02,"Funko Snaps!: Five Nights at Freddy's - Bonnie and Baby, 2 Pack",B09VB3L719,https://www.amazon.com/dp/B09VB3L719,$5.68,$22.99,$8.87,156.16%,$8.44,200+,43320,8,https://funko.com/snaps-toy-bonnie-and-baby-2-pack/64925.html?brand=funko,$68.16,12,,No,No,Sir Kim,https://snipboard.io/BYRSe9.jpg
2024-12-02,Victoria's Secret Flavors of Lip Gloss 0.46 fl oz (Sugar High),B092NVYJ1N,https://www.amazon.com/dp/B092NVYJ1N,$5.97,$15.99,$4.36,73.03%,$5.66,> 100,80521,4,https://www.victoriassecret.com/us/vs/beauty-catalog/5000008983?genericId=11199510&choice=946U&cm_mmc=PLA-_-GOOGLE-_-VSD_VS_Beauty_PMAX-_-&gad_source=1&gclid=CjwKCAiA3Na5BhAZEiwAzrfagN5nH5Q5fi_yaNOf75yx1Zn5cjiUajbuVVMkpeENkHyq1FnuZ_0MHBoCswYQAvD_BwE&gclsrc=aw.ds,$83.58,14,Onsale 40% off,No,No,Dixie,https://snipboard.io/AODejs.jpg
2024-12-02,NARS Blush Impassioned 4.8g/0.16 Ounce,B01BHDCCSQ,https://www.amazon.com/dp/B01BHDCCSQ,$16.00,$34.00,$9.61,60.06%,$8.39,140,241121,10,https://www.narscosmetics.com/USA/blush/999NACBLUSH01.html,$64.00,4,,No,No,Sir Kim,https://snipboard.io/JdXUzv.jpg
2024-12-03,"M.A.C. Fluidline Eye Liner Gel Blacktrack, 1 Count",B00NZXICF4,https://www.amazon.com/dp/B00NZXICF4,$12.80,$30.00,$8.75,68.36%,$8.45,> 100,"88,415",2,https://www.ulta.com/p/pro-longwear-fluidline-waterproof-gel-eyeliner-xlsImpprod15921224?sku=2510839&cmpid=PS_Non!google!Product_Listing_Ads&utm_source=google&utm_medium=paidsearch&cagpspn=pla&CATCI=&CAAGID=&CAWELAID=330000200001166602&gad_source=1&gclid=CjwKCAiA0rW6BhAcEiwAQH28IhaMvBJWaJjKbfDtqEc-Ljv_nqxAQKFBmC_iufdPzDq2Hr2H8OjDgBoClSIQAvD_BwE,$128.00,10,,No,https://snipboard.io/XI9y01.jpg,,
2024-12-03,Sailor Moon x ColourPop Pretty Guardian Eyeshadow Palette,B085XLPF53,https://www.amazon.com/dp/B085XLPF53,$11.49,$39.95,$18.48,160.84%,$7.92,> 200,42248,0,https://colourpop.com/products/pretty-guardian-sailor-moon-eyeshadow-palette?variant=31956173652050&gad_source=1&gclid=CjwKCAiA9bq6BhAKEiwAH6bqoByhgZxUgTbYLw1zLckVrdIwDvtqZ6jIJ2_XDUuFi8FAa2Ipt5Bv2BoC0X4QAvD_BwE&gclsrc=aw.ds,$22.98,2,Code: MBB5,No,https://snipboard.io/B6sjQc.jpg,,
2024-12-03,Nature's Sunshine Intestinal Soothe and Build 100 Capsules,B000L6OS3I,https://www.amazon.com/dp/B000L6OS3I,$11.85,$26.95,$7.10,59.92%,$8.00,> 200,84715,1,https://www.naturessunshine.com/product/intestinal-soothe-build,$118.50,10,Code: ALAINA,No,https://snipboard.io/ziMw08.jpg,,
2024-12-03,"Yoto Disney 5 Minute Sleepy Time Stories – Kids Audio Card for Use Player & Mini All-in-1 Audio Player, Screen-Free Listening with Relaxing Tales for Naptime Bedtime & Winding Down, Ages 3+",B0955N1QST,https://www.amazon.com/dp/B0955N1QST,$8.09,$17.98,$3.93,48.58%,$5.96,> 500,11003,4,https://www.maisonette.com/product/5-minute-sleepy-time?utm_source=google&utm_medium=cpc&utm_campaign=g_conv_ff_pmax_all_topsellers_0&utm_content=&utm_term=&gad_source=1&gclid=CjwKCAiA0rW6BhAcEiwAQH28IoCzNtfevIMzIlsDuVv9ooEllSEPMBLqItDkf09O83X3V6fsapsrOBoCho0QAvD_BwE,$161.82,20,HOLIDAY24,No,https://snipboard.io/cfQe80.jpg,,
2024-12-03,"Starbucks Pike Place Decaffeinated Coffee Single-Serve K-Cup, 24 Count",B077HFSG76,https://www.amazon.com/dp/B077HFSG76,$8.99,$22.74,$4.76,52.95%,$8.99,> 1000,7057,6,https://www.keurig.com/Beverages/Medium-Roast/Decaf-Pike-Place%C2%AE-Roast-Coffee/p/Decaf-Pike-Place-Roast-Coffee-K-Cup-Starbucks?gad_source=1&gclid=CjwKCAjwoJa2BhBPEiwA0l0ImJ1DQ1vmd7PN-Ant7lefHRQkFO2Z8-jK6isfN5enigZKTrDLoGnDHxoCDoUQAvD_BwE&gclsrc=aw.ds#24_CT,$44.95,5,CYBER899,No,https://snipboard.io/nUYaim.jpg,,
2024-12-04,"Starbucks Pike Place Decaf Coffee, Keurig (100684)",B00BJ9UJ7U,https://www.amazon.com/dp/B00BJ9UJ7U,$8.99,$28.50,$9.66,107.45%,$9.85,> 300,"25,380",2,https://www.keurig.com/Beverages/Medium-Roast/Decaf-Pike-Place%C2%AE-Roast-Coffee/p/Decaf-Pike-Place-Roast-Coffee-K-Cup-Starbucks#24_CT,$44.95,5,CYBER899,No,https://snipboard.io/DATWgl.jpg,,
2024-12-04,Pyrex Bundle - 2 Items: Bakeware 9-1/2-Inch Scalloped Clear Glass Pie Plates,B01253RYDA,https://www.amazon.com/dp/B01253RYDA,$14.00,$39.99,$10.37,74.07%,$13.74,> 1000,49380,1,https://corelle.com/products/pyrex-9-5-glass-pie-plate?gad_source=1&gclid=CjwKCAiA3ZC6BhBaEiwAeqfvyo2I_W-YMf_Bn5op4v342J06jGt56OxbSeRbXewDFFh0zJ9CZMMrcRoChyAQAvD_BwE,$105.00,30,CYBERMONDAY50,No,https://snipboard.io/zZNvpV.jpg,,
2024-12-04,Golden Rewards Pigs in A Blanket - 16oz Bag - 2 Pack,B0CGW7L5PL,https://www.amazon.com/dp/B0CGW7L5PL,$19.94,$39.50,$6.76,33.90%,$12.80,> 300,29437,1,https://www.walmart.com/ip/Golden-Rewards-Air-Dried-Jerky-Treats-Pigs-in-a-Blanket-for-Dogs-16-oz/13364009991,$119.64,12,,No,Pack of 2 x 6,,
2024-12-04,Standard Process Neurotrophin PMG 90 T,B00GZRI9FA,https://www.amazon.com/dp/B00GZRI9FA,$20.57,$38.50,$8.20,39.86%,$9.73,> 100,62545,1,https://blueskyvitamin.com/products/standardprocess-neurotrophin-pmg-5900?variant=48615268647096&country=US&currency=USD&utm_medium=product_sync&utm_source=google&utm_content=sag_organic&utm_campaign=sag_organic&cmp_id=21782440206&adg_id=&kwd=&device=c&gad_source=1&gclid=CjwKCAiA9bq6BhAKEiwAH6bqoH5lmLHXO-H4M8IiD9_Pnxe_MODrniqfRMUq_8PSHKVw5quJixcX8RoCd5cQAvD_BwE,$102.85,5,HEALTH15,No,https://snipboard.io/MoctCT.jpg,,
2024-12-04,"WEN by Chaz Dean Sweet Almond Mint Replenishing Treatment Mist, 6 Fl Oz",B0089AABLQ,https://www.amazon.com/dp/B0089AABLQ,$19.20,$40.71,$11.45,59.64%,$10.06,> 50,143672,1,https://chazdean.com/products/sweet-almond-mint-replenishing-treatment-mist?variant=41003725652135,$192.00,10,Code: HOLIDAY40,No,https://snipboard.io/hdcB7y.jpg,,
2024-12-05,Multi Function Eye Cream 0.5 oz,B00IEJJJYC,https://www.amazon.com/dp/B00IEJJJYC,$30.00,$77.89,$31.62,105.40%,$16.27,> 200,"66,015",1,https://mekocustom.com/product/rodan-fields-redefine-multi-funtion-eye-cream-0-5-oz/?utm_source=Google&utm_campaign=Mekocustom&utm_medium=cpc&utm_term=7731&cmp_id=20922122124&adg_id=&kwd=&device=c&gad_source=4&gclid=CjwKCAiA0rW6BhAcEiwAQH28IndzE-vF3oiEdhdSu7ZYCkcECQCESmEpQgSBb6yX3akqYLkpqI0wvxoCgmUQAvD_BwE,$150.00,5,,No,https://prnt.sc/Lvl4VThvAVjw,,
2024-12-05,MAC Extended Play Lash - Endlessly Black,B00870WU6C,https://www.amazon.com/dp/B00870WU6C,$16.80,$34.99,$9.01,53.63%,$9.18,> 300,47544,1,https://www.macys.com/shop/product/mac-extended-play-gigablack-lash-mascara?ID=810876&pla_country=US&CAGPSPN=pla&trackingid=&m_sc=sem&m_sb=Google&m_tp=PLA&m_ac=Google_Beauty_PLA&m_ag=&m_cn=GGL_PMAX_Beauty_Cosmetics&m_pi=go_cmp-21808023006_adg-_ad-__dev-c_ext-_prd-773602282852USA&gad_source=1&gclid=CjwKCAiA0rW6BhAcEiwAQH28ImVCZkVuVPYpQy6mBlMFvQZkmgCuy-gbuC2AcMFHY_s1UB-uc6w9dRoCVacQAvD_BwE,$84.00,5,,No,https://snipboard.io/fjpBIC.jpg,,
2024-12-05,The Pampered Chef 1655 Skinny Spatula,B0016A68X6,https://www.amazon.com/dp/B0016A68X6,$11.00,$24.99,$6.97,63.36%,$7.02,> 100,53245,2,https://www.pamperedchef.com/shop/Kitchen+Tools/Mixing+%26+Measuring/Skinny+Scraper/1655?queryID=ecb441cc02053075bcac15f3ae2ebeff,$110.00,10,,No,https://prnt.sc/gGoxJSjraIw_,,
2024-12-05,Celestial Seasonings India Spice Chai Tea K-Cup 48 Count Case,B004GIE562,https://www.amazon.com/dp/B004GIE562,$17.98,$35.99,$5.91,32.87%,$12.10,> 100,51030,3,https://www.keurig.com/Beverages/Tea/Black-Tea/India-Spice-Chai/p/India-Spice-Chai-Tea-K-Cup-Celestial-Seasonings?gad_source=1&gclid=CjwKCAiAmMC6BhA6EiwAdN5iLT1jzWV9GxBxzyTNLQOsxSRRQyeYAUSVRnmXiWQviVAfFCpdDU78ZBoCrMgQAvD_BwE&gclsrc=aw.ds#24_CT,$71.92,8,CYBER899,No,"Pack of 2 , 24 count",,
2024-12-05,Jordan's Skinny Gourmet Syrups Vanilla Caramel Creme and Salted Caramel 25.4 Fluid Ounce (Bundle of 2),B07BK1L6GG,https://www.amazon.com/dp/B07BK1L6GG,$12.78,$31.99,$5.63,44.05%,$13.58,> 100,59802,1,"https://www.skinnymixes.com/products/sugar-free-salted-caramel-syrup?pr_prod_strat=e5_desc&pr_rec_id=b2907e7fa&pr_rec_pid=1850368032857&pr_ref_pid=1850368098393&pr_seq=uniform
https://www.skinnymixes.com/products/sugar-free-vanilla-caramel-creme-syrup",$127.80,10,MAYCI,No,https://snipboard.io/rmGACe.jpg,,
2024-12-06,"Lindt Holiday Chocolate Teddy Bear Advent Calendar, 6.1 oz. (2021)",B07WS2H54H,https://www.amazon.com/dp/B07WS2H54H,$7.75,$25.00,$7.62,98.32%,$9.63,> 2000,"11,994",5,https://www.lindtusa.com/lindt-teddy-advent-172g-472913?srsltid=AfmBOopmalygYwZRSlj8paQgC0Fb2U33hNp7XlkQ9FYfIaBeQFVkkJW6#,$116.25,15,,No,https://snipboard.io/xD12Ue.jpg,,
2024-12-06,"Colgate hum Replacement Heads, hum Toothbrush Heads with Floss Tip Bristles for Smart Toothbrush, Purple, 2 Pack",B089FD4HWX,https://www.amazon.com/dp/B089FD4HWX,$13.44,$38.68,$16.17,120.31%,$9.07,> 116,91109,4,https://shop.colgate.com/products/hum-adult-smart-toothbrush-replacement-brush-heads?srsltid=AfmBOorXNQT620glXwq9X90KuaU6qZ1qGIZWx7ZHX1q1P79qnQQh1Ve6,$26.88,2,Code: SMILES15,No,https://snipboard.io/QnZLOC.jpg,,
2024-12-06,PAMPERED CHEF #1659 SCRAPER SPATULA,B07KZJVQ2Q,https://www.amazon.com/dp/B07KZJVQ2Q,$12.00,$26.99,$6.97,58.08%,$8.02,> 300,42058,1,https://www.pamperedchef.com/pws/jdelude/shop/Kitchen+Tools/Mixing+%26+Measuring/Small+Mix+%27N+Scraper/1659,$180.00,15,Onsale,No,#1659 SCRAPER SPATULA,,
2024-12-06,Standard Process Cardiotrophin PMG® 90 Tablets,B0037TYQU6,https://www.amazon.com/dp/B0037TYQU6,$21.12,$45.00,$13.17,62.36%,$10.71,> 100,155051,0,https://snowholistichealth.com/products/standardprocess-cardiotrophin-pmg-2125?srsltid=AfmBOoooIkyq8_2uuuaxc-nukIK_6PtunWcQVyKmIPAmdgiZ4w76zEsp,$105.60,5,SHOP20,No,https://snipboard.io/kq9zl6.jpg,,
2024-12-06,Sephora Favorites Limited Edition Watermelon Care Set - Lip Balm and Hand Balm,B0DM2L7BDN,https://www.amazon.com/dp/B0DM2L7BDN,$9.54,$23.00,$5.80,60.80%,$7.66,> 100,33378,2,https://www.kohls.com/product/prd-7000875/sephora-collection-watermelon-care-set.jsp?skuid=50525235&CID=shopping30&utm_campaign=SEPHORA%20COL%20SKINCARE&utm_medium=CSE&utm_source=google&utm_product=50525235&utm_campaignid=20485366750&CID=shopping30&utm_campaign=MediumSSCSephora&utm_medium=CSE&utm_source=google&utm_campaignid=20485366750&gad_source=1&gclid=Cj0KCQiAu8W6BhC-ARIsACEQoDAO0xvY6zIGDyw7pSZJRQupvqq3eQY2sn-TcodK_pPHvNBij7IacmoaAn9VEALw_wcB&gclsrc=aw.ds,$95.40,10,,No,https://snipboard.io/tWYZJl.jpg,,
2024-12-06,"WEN by Chaz Dean Sweet Almond Mint Nourishing Mousse, 7.5 Fl Oz",B00V5WVHMW,https://www.amazon.com/dp/B00V5WVHMW,$21.60,$39.99,$7.76,35.93%,$10.63,57,219399,2,https://chazdean.com/products/sweet-almond-mint-nourishing-mousse,$216.00,10,,No,https://snipboard.io/v2E4b5.jpg,,
2024-12-09,"Hot Wheels City Track Set with 1 Toy Car, Race Through A Giant Loop to Defeat A Big Dinosaur, T-Rex Loop Stunt and Race Playset",B0B5HW2H82,https://www.amazon.com/dp/B0B5HW2H82,$23.99,$49.95,$9.54,39.77%,$16.42,> 800,"74,790",4,https://www.macys.com/shop/product/hot-wheels-city-t-rex-chomp-down-playset?ID=15864357&pla_country=US&CAGPSPN=pla&trackingid=&m_sc=sem&m_sb=Google&m_tp=PLA&m_ac=Google_SH_PLA_Tabletop&m_ag=&m_cn=GS_Toys_PMax_PLA&m_pi=go_cmp-20809417605_adg-_ad-__dev-c_ext-_prd-194735109678USA&gad_source=1&gclid=Cj0KCQiAx9q6BhCDARIsACwUxu7e6Pdpef-S7aNlEQ_Xc7zW1d34SODbZ2bzZgt7KHbQICQnCbCHovAaAvRnEALw_wcB,$119.95,5,,No,https://snipboard.io/v7jd04.jpg,,
2024-12-09,"IKEA LUSTIGT Wall Shelf,Wooden, 37x37 cm (14 5/8x14 5/8&quot)",B07PYGJRL7,https://www.amazon.com/dp/B07PYGJRL7,$10.66,$28.94,$7.05,66.14%,$11.23,> 100,166219,7,https://www.ikea.com/us/en/p/lustigt-wall-shelf-30381852/,$159.85,15,,No,https://snipboard.io/yhfOcQ.jpg,,
2024-12-09,Bombas Socks for Men's Pack Large Grey,B08GSSQVSM,https://www.amazon.com/dp/B08GSSQVSM,$29.28,$55.89,$10.76,36.75%,$15.85,> 300,41750,0,https://bombas.com/products/men-s-solid-ankle-sock-white-large-1?variant=grey&size=l&utm_content=core_casual&utm_source=google&utm_medium=cpc&utm_campaign=PMAX-PLA_PMax_PoorPerformers-Multi-ACQ-NONE&cq_src=google_ads&cq_cmp=21587100707&cq_net=x&gad_source=1&gclid=Cj0KCQiAx9q6BhCDARIsACwUxu6Z93HeIWH-7-jWHSxa5_zOQbfxAV9LfkGNqUJZPV_LDfUCx15OCqEaAi1PEALw_wcB,$292.69,30,CONNOR21,No,Pack of 3 / Size - L,,
2024-12-09,"Chaz Dean Wen Cleansing Conditioner, Sweet Almond Mint, 16 Ounce",B00JC0ZPE0,https://www.amazon.com/dp/B00JC0ZPE0,$19.20,$39.15,$8.44,43.96%,$11.51,> 500,35364,8,https://chazdean.com/products/sweet-almond-mint-cleansing-conditioner?variant=41003019829415&currency=USD&utm_medium=product_sync&utm_source=google&utm_content=sag_organic&utm_campaign=sag_organic&utm_campaign=TR_pmax_all-products&utm_source=google&utm_medium=cpc&gad_source=1&gclid=CjwKCAjwp4m0BhBAEiwAsdc4aC3LqnIOsodBr8SOvD1m-vvvT1EYur6Ag5Xsi-momNvaE6trXacf0RoCWbgQAvD_BwE,$192.00,10,Onsale,No,https://snipboard.io/BkWgvo.jpg,,
2024-12-09,Standard Process Inc. Pneumotrophin PMG 90 Tabs (90),B085HRP7MH,https://www.amazon.com/dp/B085HRP7MH,$21.51,$41.99,$10.22,47.51%,$10.26,> 50,122074,0,https://blueskyvitamin.com/products/standardprocess-pneumotrophin-pmg-6900?variant=48615267631288&country=US&currency=USD&utm_medium=product_sync&utm_source=google&utm_content=sag_organic&utm_campaign=sag_organic&cmp_id=21896297507&adg_id=&kwd=&device=c&gad_source=1&gclid=Cj0KCQiAu8W6BhC-ARIsACEQoDDZm-gEi29jBSt5dWbplXwqEkkb6VUstT08vAf9v_5mRXicOSqbA1saAjiBEALw_wcB,$215.05,10,HEALTH15,No,https://snipboard.io/PJveop.jpg,,
2024-12-09,"Vans, Women's Half Crew Socks, 3 Pair Pack | 6.5-10, Assorted (Black/Grey/White)",B09Y7GJNK6,https://www.amazon.com/dp/B09Y7GJNK6,$12.00,$27.99,$6.16,51.33%,$9.83,> 100,123620,4,https://www.vans.com/en-us/accessories-c00083/half-crew-socks-3-pack-pvn00073eizh,$120.00,10,$30 Off When You Spend $100+,No,Size - 6.10,,
2024-12-10,Lindt Choc Lindor Sub Ccnut,B00HWUSFLW,https://www.amazon.com/dp/B00HWUSFLW,$5.00,$16.99,$5.22,104.40%,$6.77,> 100,"42,847",1,https://www.walgreens.com/store/c/lindt-coconut-truffles-bag/ID=prod6231539-product,$60.00,12,,No,https://snipboard.io/UQZ3ho.jpg,,
2024-12-10,"Yoto PAW Patrol Mighty Pup Power & Other Stories – Kids Audio Card for Use Player & Mini All-in-1 Audio Player, Screen-Free Listening with Fun Stories for Playtime, Bedtime & Travel, Ages 3+",B0CKHS8FYW,https://www.amazon.com/dp/B0CKHS8FYW,$8.49,$23.29,$8.05,94.82%,$6.75,> 400,50975,3,https://www.maisonette.com/product/paw-patrol-mighty-pup-power-other-stories?utm_source=google&utm_medium=cpc&utm_campaign=g_conv_ff_pmax_all_topsellers_0&utm_content=&utm_term=&gad_source=1&gclid=CjwKCAiA3Na5BhAZEiwAzrfagC1bCqQjIodwi5sLMoo5bb0rVvjTygtypbBbhCw0-aTfQRGO-OgKYhoC4b8QAvD_BwE,$169.83,20,GIFT15,No,https://snipboard.io/SMTQay.jpg,,
2024-12-10,"Gold Bond Healing Foot Cream, 4 oz. (Pack of 4), With Aloe, Nourishes & Softens For Healthier Looking Feet",B001MIZMIE,https://www.amazon.com/dp/B001MIZMIE,$14.98,$38.00,$12.72,84.91%,$10.30,> 100,49777,1,"https://www.walgreens.com/store/c/gold-bond-healing-foot-cream,-with-aloe/ID=prod4118632-product?ext=gooFY23_GOO_RET_RETAILDEMANDGEN_Performance%2BMax%2B-%2BPersonal%2BCare_REV_SRC_PMAX_PMAX_NA_PMAX_ENG__pla_online&gclsrc=aw.ds&gclsrc=aw.ds&gad_source=1&gclid=Cj0KCQiAx9q6BhCDARIsACwUxu4pkuwvLF8-jBfI2ls30LgXu62iwelHmPQC3h2Ombq3t7VEKWqliJcaAkxcEALw_wcB",$44.94,3,"Buy 1, Get 1 FREE",No,https://snipboard.io/XJ5ubI.jpg,,
2024-12-10,Bauer Mystery Mini Hockey Stick 2024 - Right Hand - 1 Random Stick,B0B46FCRJQ,https://www.amazon.com/dp/B0B46FCRJQ,$24.99,$53.99,$8.99,35.97%,$20.01,> 100,38875,3,https://www.dickssportinggoods.com/p/bauer-mystery-mini-holiday-2023-21bauus21mystrymnshk/21bauus21mystrymnshk,$249.90,10,,No,https://snipboard.io/qyjJcE.jpg,,
2024-12-10,"Vitacost Turmeric Extract Curcumin C3 Complex with Bioperine - 1,160 mg per Serving - 120 Capsules",B00465O9XO,https://www.amazon.com/dp/B00465O9XO,$18.89,$34.37,$6.07,32.13%,$9.41,> 300,61793,4,https://www.vitacost.com/vitacost-root2-turmeric-extract-curcumin-c3-complex-capsules-1160mg,$188.90,10,"Code: VITABRANDS, GOLDENBEAR",No,https://snipboard.io/4COPkq.jpg,,
2024-12-11,"Yankee Candle Clean Cotton Scented, Large 22oz Jar Candle with Premium Paraffin-Grade Wax, Long Burn Time, Ideal for Gifts and Home Decor",B0002PW0WO,https://www.amazon.com/dp/B0002PW0WO,$12.00,$31.97,$7.28,60.67%,$12.69,> 100,"160,167",2,https://www.yankeecandle.com/yankee-candle/candles/candle-styles/original-jar-candles/clean-cotton/ORCL_1010728.html,$120.00,10,,No,https://snipboard.io/wC6IP2.jpg,,
2024-12-11,"Rare Beauty Soft Pinch Luminous Powder Blush - Truth Radiant Mauve Maroon, 0.098 oz/2.8 g, Palette",B0CZJPHCV1,https://www.amazon.com/dp/B0CZJPHCV1,$20.80,$39.88,$9.15,43.99%,$9.93,123,202858,6,https://www.sephora.com/product/rare-beauty-by-selena-gomez-soft-pinch-luminous-powder-blush-P509960,$208.00,10,HAVEITALL,No,https://snipboard.io/UF8dlc.jpg,,
2024-12-11,"Hawaiian Tropic Mineral Skin Nourishing Milk Sunscreen Spray Lotion SPF 30, 3.4oz | Sun Milk, Zinc Oxide Sunscreen, Mineral Sunblock, Oxybenzone Free Sunscreen, Travel Size Sunscreen, 3.4oz",B09GWGF773,https://www.amazon.com/dp/B09GWGF773,$9.00,$34.99,$16.49,183.22%,$9.50,> 295,33480,0,https://www.hawaiiantropic.com/products/hawaiian-tropic-mineral-skin-nourishing-milk-spf-30?variant=37810443288733&country=US&currency=USD&utm_medium=product_sync&utm_source=google&utm_content=sag_organic&utm_campaign=sag_organic&gad_source=1&gclid=CjwKCAiAjeW6BhBAEiwAdKltMonCU6FQLPkl_wJMVwA2SysxnSSh7E2PKxIizXQTq3j7YxXa4_1-TRoCH2wQAvD_BwE,$135.00,15,,No,https://snipboard.io/fPeNF7.jpg,,
2024-12-11,"Walden Farms Syrup (12 Fl Oz (Pack of 4), Pancake)",B07Y6DSN3F,https://www.amazon.com/dp/B07Y6DSN3F,$12.32,$35.99,$8.36,67.86%,$15.31,> 50,39912,2,https://www.vitacost.com/walden-farms-pancake-syrup,$73.92,6,"Code: WALDEN30, GOLDENBEAR",No,https://snipboard.io/fgwbOh.jpg,,
2024-12-11,Sonic 3 Movie - 5&quot Figures Multi-Pack,B07KWYD56T,https://www.amazon.com/dp/B07KWYD56T,$42.49,$78.99,$16.38,38.55%,$20.12,> 100,52359,8,https://www.target.com/p/sonic-the-hedgehog-3-5-34-action-figure-set-4pk/-/A-89970355,$84.98,2,,No,https://snipboard.io/ANODEU.jpg,,
2024-12-11,"Native Body Lotion Contains Naturally Derived Ingredients | for Women and Men, Body Moisturizers for Dry Skin | Coconut and Vanilla, 12 fl oz",B0BNNTPXD3,https://www.amazon.com/dp/B0BNNTPXD3,$13.18,$40.15,$14.59,110.70%,$12.38,> 50,81798,1,https://www.nativecleanskin.com/product/native-body-lotion-contains-naturally-derived-ingredients-for-women-and-men-body-moisturizers-for-dry-skin-coconut-and-vanilla-12-fl-ozcoconut-vanilla/,$131.80,10,,No,https://snipboard.io/FQ398a.jpg,,
2024-12-12,"Yankee Candle Holiday Zest Scented, Signature 20oz Large Jar 2-Wick Candle, Over 60 Hours of Burn Time, Christmas | Holiday Candle",B09BZXQVYZ,https://www.amazon.com/dp/B09BZXQVYZ,$18.20,$41.00,$8.87,48.74%,$13.93,> 3830,"11,627",2,https://www.yankeecandle.com/yankee-candle/candles/candle-styles/signature-tumbler-candles/signature-large-tumbler-candles/holiday-zest/ORCL_1630062.html?gad_source=1&gclid=Cj0KCQiAsOq6BhDuARIsAGQ4-ziF7wS_HsPO_XE_9FRa8wS6SlDIEimdTHDcStP-Rq-9XpiEXRBibI4aAlehEALw_wcB,$182.00,10,DM2412001,No,https://snipboard.io/53faNJ.jpg,,
2024-12-12,"MRS. MEYER'S CLEAN DAY Variety, 1 Mrs. Meyer's Multi-Surface Cleaner, 16 OZ, 1 Mrs. Meyer's Multi-Surface Cleaner, 16 OZ, 1 CT (Iowa Pine + Snow Drop)",B0CBQSX2QH,https://www.amazon.com/dp/B0CBQSX2QH,$7.04,$24.90,$6.96,98.86%,$10.90,> 300,24673,6,"https://www.vitacost.com/mrs-meyers-clean-day-multi-surface-everyday-cleaner-spray-bottle-holiday-scent-iowa-pine?&CSRC=GPF-PA-808124174245-google_pla_gen_rem_household+essentials-&network=g&keywordname=&device=c&adid=92700080822202626&matchtype=&gclick=Cj0KCQiAsOq6BhDuARIsAGQ4-zg9upIKvYVZ5kGDQXYjlZeQ0Hcc-nTMzTVDt5Sec-sw_OhX-p1Uc1MaAu-2EALw_wcB&ds_agid=58700008783370317&targetid=&gad_source=1&gclid=Cj0KCQiAsOq6BhDuARIsAGQ4-zg9upIKvYVZ5kGDQXYjlZeQ0Hcc-nTMzTVDt5Sec-sw_OhX-p1Uc1MaAu-2EALw_wcB&gclsrc=aw.ds
https://www.vitacost.com/mrs-meyers-clean-day-multi-surface-everyday-cleaner-spray-bottle-holiday-scent-snowdrop",$70.40,10,"20MEYERS, GOLDENBEAR",No,https://snipboard.io/DVbzUE.jpg,,
2024-12-12,Makeup By Mario Mario's Lip Lift Kit - Pink Nude:: Ultra Suede Lipstick in Sam and Sculpting Lip Pencil in Hugh,B0BM97FPHM,https://www.amazon.com/dp/B0BM97FPHM,$20.00,$42.88,$12.52,62.60%,$10.36,> 100,144788,0,https://www.makeupbymario.com/products/marios-lip-lift-kit?variant=40240321003585&country=US&currency=USD&utm_medium=product_sync&utm_source=google&utm_content=sag_organic&utm_campaign=sag_organic&glcountry=US&tw_source=google&tw_adid=723409146218&tw_campaign=21953028951&gad_source=1&gclid=CjwKCAiAjeW6BhBAEiwAdKltMq_z5epoBbVguYrV86qo0j9lJ0-_baJBdAFQCg-9mudy0-NRq3Yr9RoCvhIQAvD_BwE,$100.00,5,,No,https://snipboard.io/j6PwHA.jpg,,
2024-12-12,Pampered Chef Mini Measure All Cup,B001F0LYDQ,https://www.amazon.com/dp/B001F0LYDQ,$9.00,$28.55,$11.04,122.67%,$8.51,> 200,94119,3,https://www.pamperedchef.com/pws/jdelude/shop/Kitchen+Tools/Mixing+%26+Measuring/Mini+Measure-AllCup/2236,$180.00,20,,No,New Look,,
2024-12-12,"Hallmark Christmas Ornament, A Christmas Story Leg Lamp",B01ND1HIPJ,https://www.amazon.com/dp/B01ND1HIPJ,$10.79,$25.99,$7.12,65.99%,$8.08,> 700,36954,4,https://christmasloft.com/leg-lamp-orn-19/?gad_source=1&gclid=Cj0KCQiAsOq6BhDuARIsAGQ4-zg3b1LoRf_VUKHUIHcSVuzXVybXPl1XTUUYtuP73vuHQZ0okSdLgeQaAuS_EALw_wcB,$107.90,10,,No,https://snipboard.io/TJL3ie.jpg,,
2024-12-13,Mini Brands Ulta Beauty Series 1,B0DJZPGBQF,https://www.amazon.com/dp/B0DJZPGBQF,$7.99,$18.98,$3.91,48.94%,$7.08,> 8000,"2,169",1,https://www.ulta.com/p/mini-brands-x-ulta-beauty-series-1-pimprod2048110?sku=2628909&cmpid=PS_Non!google!Product_Listing_Ads&utm_source=google&utm_medium=paidsearch&cagpspn=pla&CATCI=&CAAGID=&CAWELAID=330000200003281822&gad_source=1&gclid=Cj0KCQiA0--6BhCBARIsADYqyL--viJlug9-cIJLt1mbWWyfja_Zr3kLwpwbWP3GQ3heMTdmK_d-9zwaAs6BEALw_wcB,$39.95,5,502058,No,https://snipboard.io/2AiQZ6.jpg,,
2024-12-13,"U by Kotex Security Tampons, Regular Absorbency, Unscented, 32 Count (Packaging May Vary)",B083M2MGVQ,https://www.amazon.com/dp/B083M2MGVQ,$9.19,$40.98,$21.37,232.54%,$10.42,> 195,52060,2,"https://www.walgreens.com/store/c/u-by-kotex-compact-tampons,-regular-absorbency-unscented/ID=300401146-product",$110.28,12,FLASH20,No,https://snipboard.io/GNySCl.jpg,,
2024-12-13,"Dr. Bronner's - Organic Lotion (Patchouli Lime, 8 Ounce) - Body Lotion and Moisturizer, Certified Organic, Soothing for Hands, Face and Body, Highly Emollient, Nourishes and Hydrates, Vegan, Non-GMO",B000E3FIX2,https://www.amazon.com/dp/B000E3FIX2,$9.99,$23.87,$5.68,56.86%,$8.20,> 400,25153,2,https://www.drbronner.com/products/patchouli-lime-organic-lotions?variant=36027938046116&nbt=nb%3Aadwords%3Ag%3A20075085760%3A151671610507%3A657114619360&nb_adtype=pla&nb_kwd=&nb_ti=pla-506163587658&nb_mi=687774083&nb_pc=online&nb_pi=SD0303&nb_ppi=506163587658&nb_placement=&nb_li_ms=&nb_lp_ms=&nb_fii=&nb_ap=&nb_mt=&utm_campaign=Bof-Shopping&utm_source=google&utm_medium=cpc&utm_content=657114619360&utm_term=&adgroupid=151671610507&gad_source=1&gclid=Cj0KCQiAsOq6BhDuARIsAGQ4-zgTgMWT0OtwcaGWT0vBXcyR-FitCO-DD5iKBkTpqQ5KkNGrIo7WWgEaAtRPEALw_wcB,$99.90,10,,No,https://snipboard.io/0s5lhd.jpg,,
2024-12-13,"MRS. MEYER'S CLEAN DAY Variety, 1 Mrs. Meyer's Multi-Surface Cleaner, 16 OZ, 1 Mrs. Meyer's Multi-Surface Cleaner, 16 OZ, 1 CT (Snow Drop + Peppermint)",B0CBSJ8N3D,https://www.amazon.com/dp/B0CBSJ8N3D,$7.04,$22.99,$5.34,75.85%,$10.61,> 400,26364,6,https://www.vitacost.com/mrs-meyers-clean-day-multi-surface-everyday-cleaner-spray-bottle-holiday-scent-snowdrop https://www.vitacost.com/mrs-meyers-clean-day-multi-surface-everyday-cleaner-spray-bottle-holiday-scent-peppermint,$70.42,20,"20MEYERS, GOLDENBEAR",No,https://snipboard.io/IXWANZ.jpg,,
2024-12-13,"Versed Instant Gratification At-Home Dermaplaning Tool - Reusable, Pro-Grade Facial Exfoliator - Stainless Steel Facial Razor with Single-Edge Blade for Smooth Complexion & Enhanced Makeup Application",B0BX1YXWV4,https://www.amazon.com/dp/B0BX1YXWV4,$10.49,$20.99,$3.40,32.41%,$7.10,> 100,113641,9,https://martie.com/products/dermaplaner?variant=45700374888693&currency=USD&utm_medium=product_sync&utm_source=google&utm_content=sag_organic&utm_campaign=sag_organic&gad_source=1&gclid=CjwKCAiAjeW6BhBAEiwAdKltMjtcl7WYSVE_UEbqna8HQbXClXW0ut7XDfiqo85muo_dzJ5GujEUJBoC6YMQAvD_BwE,$104.89,10,,No,Updated sales price / Sign in to checkout,,
2024-12-13,Trellis White Salt and Pepper Set,B07PXH8XVS,https://www.amazon.com/dp/B07PXH8XVS,$3.99,$17.80,$6.87,172.18%,$6.94,> 50,237958,1,https://www.pfaltzgraff.com/products/trellis-white-salt-and-pepper-set,$119.70,30,,No,https://snipboard.io/XMJodk.jpg,,
2024-12-16,"Disney Store Official Pluto Plush - Red - Mini Bean Bag - 9½ Inches, Iconic Mickey and Friends Toy Character, Features Structured Ears and Embroidered Details, Suitable for All Ages 0+ Toy Figure",B07JVJ8G3M,https://www.amazon.com/dp/B07JVJ8G3M,$7.49,$22.00,$4.93,65.82%,$9.58,> 100,"2,382",1,https://www.disneystore.com/pluto-plush-mini-bean-bag-8-415171859607.html,$112.35,15,"SHIPMAGIC, FIFTY",No,https://snipboard.io/VtiuTn.jpg,,
2024-12-16,"Squishmallows Original 8-Inch JT Dark Teal Bigfoot - Official Jazwares Fall Plush - Collectible Soft & Squishy Cider Stuffed Animal Toy - Add to Your Squad - Gift for Kids, Girls & Boys",B0DM6PFKP2,https://www.amazon.com/dp/B0DM6PFKP2,$5.35,$19.98,$5.78,108.04%,$10.65,> 600,22853,9,https://www.walgreens.com/store/c/squishmallows-jt---bigfoot-8-inch/ID=300449335-product?gQT=2,$64.20,12,save20,No,https://snipboard.io/Rsw8E2.jpg,,
2024-12-16,YANKEE CANDLE Christmas Cookie Large Jar Candle,B0155OG8LK,https://www.amazon.com/dp/B0155OG8LK,$19.99,$42.94,$8.65,43.27%,$14.30,> 100,183683,3,https://www.boscovs.com/product/yankee-candle-22oz-christmas-cookie-jar-candle/641168?utm_source=Google&utm_term=641168&utm_content=for+the+home+%3e+home+decor&utm_campaign=CSE&cid=CSE:Google&mrColor=WHITE&scid=scplp36909706&sc_intid=36909706&adpos=&cid=CSE:Google&utm_source=Google&utm_medium=CSE&utm_campaign=SC%20Shopping%20-%20Smart%20Shopping%20-%20Tier%204&gad_source=1&gclid=CjwKCAiAmfq6BhAsEiwAX1jsZ4HsuiMkSC_byDh18h-xNmXxHleajP-jb2odmUZirPmk7_IPx2JfbhoCr0gQAvD_BwE,$199.90,10,,No,https://snipboard.io/DUELXY.jpg,,
2024-12-16,Gemini Imports Inc. Skin Aqua Super Moisture UV Gel 4.0 oz (110 g) SPF50+ PA++++ Imported from Japan,B0D6JFJBQ8,https://www.amazon.com/dp/B0D6JFJBQ8,$3.08,$19.99,$9.66,313.64%,$7.25,> 600,34609,4,https://www.stylevana.com/en_US/rohto-mentholatum-skin-aqua-uv-super-moisture-gel-hydrating-sunscreen-spf50-pa-110g.html?utm_source=google&utm_medium=cpc&sonid=60794&gad_source=1&gclid=Cj0KCQiA0--6BhCBARIsADYqyL-zAc5tlPJ-dqm6Ib5z_J2DiH1k7tUiR8N_Sth8RnB-4Pi-pd6IyTwaAtJoEALw_wcB,$61.52,20,"NLFRIDAY24 , BOGO",No,"BOGO ,10 ITEMS ADD TO CART PLUS 10",,
2024-12-16,"Puritan's Pride Vitamin D3 1000 Iu Softgels, 100 Count",B007Z59QI0,https://www.amazon.com/dp/B007Z59QI0,$2.55,$12.39,$3.10,121.57%,$6.74,> 200,117089,4,https://www.puritan.com/vitamin-d-326/vitamin-d3-1000-iu-015605?srsltid=AfmBOopykml11h_fc9xv1eCtv9xdUY5nvdRw82rIazMSvNL30hZdm-3w,$51.04,20,20PRIDE,No,https://snipboard.io/L6afeR.jpg,,
2024-12-17,"MRS. MEYER'S CLEAN DAY Multi-Surface Cleaner, Peppermint, 16 Fl Oz. (Pack of 2)",B0BWSDV4JJ,https://www.amazon.com/dp/B0BWSDV4JJ,$6.65,$22.99,$5.72,86.02%,$10.62,> 1000,"67,553",0,https://www.vitacost.com/mrs-meyers-clean-day-multi-surface-everyday-cleaner-spray-bottle-holiday-scent-peppermint,$66.50,10,"20MEYERS, 15SITESAVE",No,https://snipboard.io/dfW2Xt.jpg,,
2024-12-17,"KIMI Naturals Breast Max Plus - Breast Enhancement Pills l Enhancer Supplement for Fast Growth and Bigger Bust l Enlargement Formula to Increase Firmness, Perkier, and Fuller Bob l 90 Capsules",B07GPXNY2B,https://www.amazon.com/dp/B07GPXNY2B,$23.99,$49.99,$14.53,60.57%,$11.47,> 50,205914,2,https://www.kiminaturals.com/products/breast-max-plus-dietary-supplement?currency=USD&variant=32725611268&utm_source=google&utm_medium=cpc&utm_campaign=Pmax-All-Supplements&stkn=86ef929164d2&gad_source=1&gclid=CjwKCAiA34S7BhAtEiwACZzv4TY4a1zXpsOqelrPtZarYw5OshXmv-Csq91LiquZKLUWQLoW78wxJBoCbAoQAvD_BwE,$239.90,10,TENTEN20,No,https://snipboard.io/OZSrBJ.jpg,,
2024-12-17,Native Body Wash 2-Pack: Sandalwood & Shea Butter + Sea Salt & Cedar (18 fl oz each),B0D54PWJ1B,https://www.amazon.com/dp/B0D54PWJ1B,$16.00,$41.03,$11.46,71.63%,$13.57,> 100,80123,3,https://www.nativecos.com/products/body-wash-sandalwood-shea-butter?srsltid=AfmBOop3aN_4Gv9tAdSebUYUwz2hYow0jLx4M41bYVbgaAt6SnHPJLwd https://www.nativecos.com/products/body-wash-sandalwood-shea-butter?srsltid=AfmBOop3aN_4Gv9tAdSebUYUwz2hYow0jLx4M41bYVbgaAt6SnHPJLwd,$160.00,20,20TODAY,No,https://snipboard.io/XcHsx9.jpg,,
2024-12-17,Zara Hypnotic Vanilla Perfume for Women EDP Eau De Parfum 30 ML (1.0 FL. OZ),B0CLB6CTBH,https://www.amazon.com/dp/B0CLB6CTBH,$17.90,$34.32,$5.85,32.68%,$10.57,> 200,80075,5,https://www.zara.com/us/en/hypnotic-vanilla-edp-30-ml--1-0-fl--oz--p20110560.html?v1=311282815,$179.00,10,,No,https://snipboard.io/a6g28w.jpg,,
2024-12-17,"Russell Stover Chocolate Gift Boxes, 9.4oz",B0CCSMVYPV,https://www.amazon.com/dp/B0CCSMVYPV,$5.35,$17.95,$4.84,90.47%,$7.76,> 993,9333,1,https://www.walgreens.com/store/c/russell-stover-assorted-christmas-milk-%26-dark-chocolates/ID=300394379-product,$64.20,12,GIFT20,No,https://snipboard.io/4BT2CR.jpg,,
2024-12-18,"My Arcade Micro Player Mini Arcade Machine: Galaga Video Game, Fully Playable, 6.75 Inch Collectible, Color Display, Speaker, Volume Buttons, Headphone Jack, Battery or Micro USB Powered",B07CRTBBHG,https://www.amazon.com/dp/B07CRTBBHG,$16.07,$43.99,$15.34,95.46%,$12.58,> 100,"19,130",4,https://www.walgreens.com/store/c/my-arcade-galaga-collectible-retro-handheld-game/ID=300403160-product?gPromoCode=FY25_GIFT20_Group_Dec_2&gStoreCode=7915&gQT=2,$192.84,12,GIFT20,No,https://snipboard.io/9cIpg2.jpg,,
2024-12-18,Edward Marc Chocolatier Sweet Coconut Almond Snacks - Dark Chocolate - Lightly Roasted Almonds Coated in Sustainably Sourced Dark Chocolate - 32 oz (1-pack),B01MZ3Z3JK,https://www.amazon.com/dp/B01MZ3Z3JK,$5.69,$22.99,$7.00,123.02%,$10.30,> 500,22975,4,https://www.murdochs.com/products/home-decor/candy-snacks/candy/chocolate/edward-marc-snappers-coconut-almonds-with-dark-chocolate/?gad_source=1&gclid=CjwKCAiAgoq7BhBxEiwAVcW0LIq-msD2pSAPltzYJGReuDxypjhNtcgCCy96bXXN8GMs8uHpWujDbBoCEpwQAvD_BwE,$113.82,20,T29776,No,https://snipboard.io/wYpSMh.jpg,,
2024-12-18,Bombas Women's Socks… (charcoal Marl),B08ZRC5JZ7,https://www.amazon.com/dp/B08ZRC5JZ7,$12.75,$28.88,$6.42,50.35%,$9.71,> 200,121409,3,https://bombas.com/products/womens-all-purpose-performance-ankle-socks?variant=charcoal-marl&size=m&utm_content=allpurpose_performance&utm_source=google&utm_medium=cpc&utm_campaign=PMAX-PLA_PMax_Performance-Sock-ACQ-NONE&cq_src=google_ads&cq_cmp=16558349220&cq_net=x&gad_source=1&gclid=CjwKCAiAmfq6BhAsEiwAX1jsZxA6EasW_PKgfsak_6vIYrhg-cTGT_I_8NO5zwvHgABTv_072ROZAxoCYt0QAvD_BwE,$127.50,10,EXCLUSIVE25,No,SIZE MED 8-10,,
2024-12-18,"Philips Avent, Baby Bottle Warmer",B00LJ64JR4,https://www.amazon.com/dp/B00LJ64JR4,$34.02,$96.74,$38.70,113.76%,$24.02,62,35007,2,https://www.cocooncenter.co.uk/avent-fast-bottle-warmer-scf355-09/96249.html?_gl=1*1967kze*_up*MQ..&gclid=CjwKCAiAgoq7BhBxEiwAVcW0LHeAj8wIXRlBvLskSKN39N_uz0fl-9ObmXZevNSCbBVzgSklrBsPLBoCmNgQAvD_BwE,$510.30,15,,No,https://snipboard.io/dAOTGa.jpg,,
2024-12-18,Pyrex 8&quot Square Baking Dish with Blue Plastic Lid,B01N255ROC,https://www.amazon.com/dp/B01N255ROC,$11.84,$30.99,$5.32,44.93%,$13.83,> 100,130912,1,https://corelle.com/products/pyrex-blue-plastic-lid-for-watercolor-collection-8-square-baking-dish?gad_source=1&gclid=Cj0KCQjwrKu2BhDkARIsAD7GBovjc7DSE2tqjNnqsEOwAqiO5FTRMkawqHQ7G_3VTyaZSArYYZ5z-1kaAgGYEALw_wcB https://corelle.com/products/pyrex-8-square-glass-baking-dish?gad_source=1&gclid=Cj0KCQjwrKu2BhDkARIsAD7GBovqSFljfXM05LZsTXBXMjCQ8coSZZtB37JiJRYclUjYXSoZ_AQecrgaAooaEALw_wcB,$236.80,40,"PERKSPOT20A , MIX&MATCH: BUY8SAVE 40%OFF",No,https://snipboard.io/DMNJTx.jpg,,
2024-12-19,Woodwick Candle Medium Frasier Fir 92175E,B07DHSDRSP,https://www.amazon.com/dp/B07DHSDRSP,$12.00,$31.99,$8.43,70.25%,$11.56,> 800,"30,694",12,https://woodwick.yankeecandle.com/woodwick/candles/hourglass-candles/medium-hourglass-candles/fraser-fir/ORCL_92175.html,$240.00,20,25COUP,No,https://snipboard.io/9YphW5.jpg,https://snipboard.io/9YphW5.jpg,
2024-12-19,"Squishmallows Original 8-Inch Santa Stitch - Lilo & Stitch - Official Jazwares Disney Christmas Plush - Collectible Soft & Squishy Stuffed Animal Toy - Gift for Kids, Girls & Boys",B0BTTWMKV6,https://www.amazon.com/dp/B0BTTWMKV6,$6.96,$21.54,$5.32,76.44%,$9.16,> 5000,7671,1,https://www.walgreens.com/store/c/squishmallows-original-disney-holiday-stitch-plush-8-inch/ID=300452805-product,$83.52,12,GIFT20,No,https://snipboard.io/KAj9T8.jpg,,
2024-12-19,"ATTITUDE Rinse-free Hair Detangler for Kids, EWG Verified Leave In Product, Plant- and Mineral-Based Ingredients, Vegan, Vanilla & Pear, 8 Fl Oz",B085ZJ58F3,https://www.amazon.com/dp/B085ZJ58F3,$7.94,$22.05,$6.20,78.09%,$7.91,> 200,161354,3,https://www.pureformulas.com/product/little-leaves-hair-detangler-vanilla-pear-by-attitude/1000054330?skuId=AUD1014&gad_source=1&gclid=CjwKCAiAgoq7BhBxEiwAVcW0LIXC-of0BGrwR-NLVS9E9kFmWSzFm4_KjiAM89AwhQm2e_j40w4BVBoCqPYQAvD_BwE https://snipboard.io/Iq4yk7.jpg,$39.72,5,20OFF,No,New look,,
2024-12-19,"Dr. Bronner's Organic Peppermint Hand and Body Lotion, Made with Organic Oils, Used for Face and Body, Certified Fair Trade & Vegan Friendly, 236ml Recycled Bottle",B07H37L9XM,https://www.amazon.com/dp/B07H37L9XM,$8.99,$21.91,$5.02,55.84%,$7.62,> 200,58235,9,https://www.iherb.com/pr/dr-bronner-s-organic-hand-body-lotion-peppermint-8-fl-oz-237-ml/23897,$179.80,20,,No,https://snipboard.io/wIfU5Z.jpg,,
2024-12-19,"Yoto Disney 5 Minute Princess Stories – Kids Audio Card for Use with Yoto Player & Mini All-in-1 Audio Player, Educational Screen-Free Listening with Fun Playtime, Bedtime & Travel Stories, Ages 3+",B0955QTKZ6,https://www.amazon.com/dp/B0955QTKZ6,$7.64,$17.97,$4.37,57.33%,$5.96,> 1000,42514,6,https://www.maisonette.com/product/5-minute-princess-stories?utm_source=google&utm_medium=cpc&utm_campaign=G_conv_ff_shop_play&utm_content=&utm_term=&gad_source=1&gclid=CjwKCAiApY-7BhBjEiwAQMrrESkErjcDkopMyMLjHRx7vAe4ow4b3qJQL48-yiQuQdeE6nPIXylB0RoCHMAQAvD_BwE,$152.83,20,HONEY15,No,https://snipboard.io/0I18FZ.jpg,,
2024-12-20,"Barbie Pop Reveal Doll & Accessories, Bubble Tea Series with Fashion Doll & Pet, 8 Surprises Include Color Change, Cup with Storage (Styles May Vary)",B0CMH158NZ,https://www.amazon.com/dp/B0CMH158NZ,$8.99,$31.95,$12.03,133.82%,$10.93,> 3000,"2,798",4,https://www.target.com/p/barbie-12-7--pop-reveal-boba-series-doll-taro-milk--no-aasa/-/A-89979726,$89.90,10,,No,https://snipboard.io/8kbmBR.jpg,,
2024-12-20,Lomochrome Purple 35 mm ISO 100-400,B0849S5XDF,https://www.amazon.com/dp/B0849S5XDF,$11.60,$24.99,$5.70,49.14%,$7.69,> 200,38552,2,https://shop.lomography.com/us/lomochrome-purple-35-mm-iso-100-400-2021-formula?gad_source=1&gclid=CjwKCAiApY-7BhBjEiwAQMrrEYXcroGv3l5Ak4hpqFyP0dOpW2OirMh-Co0CQPTJNHtuScxOzPpqzBoCmxIQAvD_BwE,$116.00,10,,No,https://snipboard.io/T2JZv8.jpg,,
2024-12-20,"ATTITUDE Super Leaves Moisture Rich Shampoo & Conditioner Bundle With Quinoa, Vitamin B5, Jojoba, Indian Cress, Watercress & Jasmine, Guava, 16 + 8 Fl Oz, 2 Count",B07MJ6HG4Q,https://www.amazon.com/dp/B07MJ6HG4Q,$13.28,$28.89,$4.91,36.97%,$10.70,> 400,27869,9,https://www.pureformulas.com/product/super-leaves-conditioner-moisture-rich-quinoa-jojoba-by-attitude/1000054320?skuId=AUD1003&gad_source=1&gclid=CjwKCAiAgoq7BhBxEiwAVcW0LG8qL58y4EoFroIhprtji0DoKi5nmjr2ajnwRY55Qi6KtBHf68_PeBoC4PAQAvD_BwE https://www.pureformulas.com/product/super-leaves-shampoo-moisture-rich-quinoa-jojaba-by-attitude/1000054507?skuId=AUD1196&gad_source=1&gclid=CjwKCAiAgoq7BhBxEiwAVcW0LAlCS07ic7Rwvv_IVExoCNKRWMaMtsB3LE-N3ffJz-olMMUg_Lb-WxoCM0sQAvD_BwE https://snipboard.io/MsnGyv.jpg https://snipboard.io/WNOL0U.jpg,$39.84,6,"Code: 20OFF , HYPO10",No,New look,,
2024-12-20,Digital Answering Machine,B0084VBOTI,https://www.amazon.com/dp/B0084VBOTI,$14.97,$29.99,$7.53,50.30%,$7.49,> 100,51509,1,https://www.walmart.com/ip/AT-T-1740-Digital-Answering-System/20551702?wmlspartner=wlpa&selectedSellerId=0&wl13=5142&gclsrc=aw.ds&adid=2222222227720551702_117755028669_12420145346&wl0=&wl1=g&wl2=c&wl3=501107745824&wl4=pla-394283752452&wl5=1022260&wl6=&wl7=&wl8=&wl9=pla&wl10=8175035&wl11=local&wl12=20551702&veh=sem_LIA&gclsrc=aw.ds&gad_source=1&gclid=CjwKCAiAgoq7BhBxEiwAVcW0LEGBR8Wx0oRkqmbdaXjXmRu1AMo78vRSxO203R34ScASe8iPdBjPCxoCU2sQAvD_BwE,$149.70,10,,No,https://snipboard.io/RAYeb1.jpg,,
2024-12-20,"Haendler & Natermann H&N Grizzly Hollowpoint Airgun Pellets, Ultra-Accurate & Heavy-Hitting for Long-Range Hunting.25 Caliber, 31 Grains (150 Count), Model: PY-P-1225",B00U02WJMA,https://www.amazon.com/dp/B00U02WJMA,$3.99,$13.75,$3.05,76.44%,$6.71,> 200,38472,4,https://www.pyramydair.com/product/h-n-grizzly-pellets-25-cal-31-grains-hollowpoint-150ct?p=1225&srsltid=AfmBOopQ4HAAoZDXxZNNZiHGklEY1R3d7facjJP5BSHtK5rphZI3lN0F,$79.85,20,SNOWY25,No,https://snipboard.io/ARGVNX.jpg,,
2024-12-20,"Yankee Candle Sparkling Snow Scented, Signature 20oz Large Jar 2-Wick Candle, Over 60 Hours of Burn Time, Christmas | Holiday Candle",B09BZT8VR7,https://www.amazon.com/dp/B09BZT8VR7,$17.00,$43.98,$12.47,73.35%,$14.51,> 1972,17796,3,https://www.yankeecandle.com/yankee-candle/candles/candle-styles/signature-tumbler-candles/signature-large-tumbler-candles/sparkling-snow/ORCL_1631779.html,$170.00,10,"DM2412001 , Buy 2, Get 2 FREE!",No,https://snipboard.io/wfHvJi.jpg,,